词汇,出现次数,词汇,出现次数
和,503,的,481
发展,298,推进,264
建设,234,等,219
改革,184,企业,147
加快,140,创新,129
实施,126,要,122
在,122,推动,118
加强,113,经济,111
新,109,政府,105
工作,102,全面,89
产业,84,完善,83
社会,82,是,82
深化,79,增长,77
重点,75,为,73
促进,72,个,70
我们,69,服务,68
制度,68,支持,66
提高,66,文化,65
开展,63,机制,60
以,60,试点,60
农业,60,就业,59
提升,58,国家,57
农村,57,治理,56
与,56,投资,55
对,54,项目,54
好,54,转型,54
安全,53,政策,52
工程,51,群众,49
城市,49,了,49
坚持,48,落实,48
生产,48,实现,48
深入,48,合作,47
人民,46,生态,46
大,46,向,46
抓好,45,地区,45
多,44,产能,44
一批,43,积极,43
完成,43,保护,42
领域,42,继续,41
基本,41,综合,41
全省,41,科技,40
中国,39,扩大,39
加大,39,更,38
消费,38,保障,38
民生,38,管理,38
旅游,38,培育,38
重大,38,有,37
改善,37,创业,36
城乡,36,行动,36
大力,35,市场,35
稳定,35,脱贫,35
今年,34,进一步,34
扶贫,34,中,34
战略,34,问题,33
教育,33,建立,33
做好,33,任务,33
城镇,33,以上,33
升级,33,坚决,32
强化,32,山西,32
体系,31,水平,31
不,31,环境,31
持续,31,力度,31
金融,31,国际,30
着力,30,打造,30
下降,30,让,29
引导,29,做,29
资源,29,供给,29
责任,28,融合,28
确保,28,质量,28
行政,28,有效,28
目标,28,代表,28
年,28,清单,27
一年,27,绿色,26
中心,26,更加,26
标准,26,活动,26
开放,26,扎实,26
区域,26,工业,26
上,26,.,25
监管,25,健全,25
基础,25,生活,25
取得,25,启动,25
努力,25,服务业,25
太原,25,改造,25
收入,25,全,25
特色,24,地方,24
降低,24,结构,24
统筹,24,依法,23
资金,23,不断,23
人才,23,制定,23
平台,23,重要,23
增加,23,左右,23
各位,23,示范,22
能力,22,融资,22
到,22,规范,22
体制改革,22,风险,22
基础设施,21,健康,21
形成,21,鼓励,21
把,21,中央,21
规划,21,各类,21
方面,21,专项,21
体制,20,组织,20
农产品,20,新型,20
必须,20,优化,20
各,20,基金,20
综改,20,去,20
预期,20,困难,20
结构性,20,侧,20
精神,20,一,20
亿元,19,维护,19
执法,19,国内,19
主体,19,作用,19
突出,19,经济社会,19
解决,19,县,19
环保,19,精准,19
资产,19,审批,19
整合,19,全国,19
住房,19,新增,19
可,19,生产总值,19
领导,19,增强,18
使,18,基地,18
再,18,力争,18
将,18,取消,18
转移,18,能源,18
我省,18,技术,18
装备,18,贫困人口,18
核心,17,农民,17
省级,17,互联网,17
模式,17,现代,17
制造,17,高校,17
煤炭,17,万人,17
城乡居民,17,文明,16
实行,16,产品,16
出台,16,政务,16
攻坚,16,实体,16
构建,16,合一,16
新能源,16,示范区,16
主要,16,支撑,16
公共,16,要求,16
下,16,省委,16
世界,15,超过,15
整治,15,参与,15
探索,15,办好,15
计划,15,大力发展,15
品牌,15,优势,15
市场化,15,国务院,15
监督,15,建成,15
保持,15,事业,15
物流,15,新兴产业,15
来,15,规模,15
价格,15,稳,15
人员,15,我国,14
四川,14,100,14
行为,14,作为,14
双创,14,贸易,14
全部,14,医疗,14
法律,14,三大,14
行业,14,数据,14
财政,14,部门,14
党中央,14,有序,14
还,14,通过,14
扶持,14,设立,14
推广,14,高端,14
区,14,产业园,14
发挥,14,合理,14
登记,14,一个,14
习近平,14,贯彻,14
也,14,省,14
会议,14,公开,13
严格,13,污染,13
走,13,外贸,13
机构,13,需求,13
功能,13,公共服务,13
军民,13,网络,13
收费,13,关系,13
比,13,协调,13
强,13,特别,13
结果,13,覆盖,13
成本,13,保险,13
资本,13,电力,13
逐步,13,比例,13
分别,13,驱动,13
党,13,项,12
都,12,措施,12
各级,12,防治,12
分类,12,决策,12
经营,12,一体化,12
现代化,12,信息,12
政策措施,12,利用,12
人口,12,深度,12
民间,12,调整,12
较,12,和谐,12
土壤污染,12,安置,12
汽车,12,动能,12
开发区,12,退出,12
1,12,天府,11
川,11,部分,11
督查,11,办法,11
家,11,经济区,11
一路,11,一带,11
引领,11,国有企业,11
由,11,线,11
体育,11,拓展,11
业态,11,切实,11
高效,11,重大项目,11
产业链,11,空间,11
性,11,地,11
件,11,义务教育,11
医保,11,万,11
方式,11,重组,11
事项,11,全面实施,11
用地,11,万吨,11
市,11,压力,11
意见,11,月,11
减少,10,万亿元,10
法治,10,全民,10
新建,10,创建,10
成果,10,创造,10
国有,10,转化,10
范围,10,带动,10
出口,10,型,10
清洁,10,设施,10
及,10,围绕,10
培训,10,又,10
土地,10,库存,10
同时,10,之,10
板,10,补短,10
增收,10,要素,10
》,10,《,10
清理,10,搬迁,10
五,10,杠杆,10
铁路,10,集体,10
引进,10,数字,10
占,10,淘汰,10
钢铁,10,10,10
全年,10,增速,10
控制,10,按照,10
并,10,2017,10
民族,9,接受,9
及时,9,县域,9
基层,9,口岸,9
条件,9,调控,9
补助,9,活力,9
关键,9,审查,9
家庭,9,养老,9
乡村,9,优质,9
传统产业,9,节能,9
新兴,9,转变,9
研发,9,自主,9
城镇化,9,制造业,9
智慧,9,提供,9
法治化,9,更好,9
需要,9,试验区,9
总体,9,意识,9
牢固,9,矛盾,9
稳步,9,同志,9
单位,9,振兴,9
良好,9,系统,9
万亩,9,营造,9
进行,9,贫困村,9
对外开放,9,布局,9
一补,9,历史,9
棚户区,9,预算,9
坚定不移,9,报告,9
全球,8,严重,8
高,8,国内外,8
成效,8,随机,8
化,8,面对,8
担当,8,人,8
公立医院,8,残疾人,8
适度,8,就是,8
万户,8,推开,8
树立,8,力量,8
化解,8,考核,8
自贸区,8,国家级,8
全面落实,8,使用,8
激发,8,涉企,8
规定,8,为主,8
民营,8,同,8
三,8,公里,8
招商引资,8,共享,8
开发,8,贫困县,8
减税,8,评估,8
运用,8,短板,8
去年,8,总,8
一些,8,平衡,8
金融风险,8,政治,8
省市,8,人大代表,8
水,8,十三,8
20,8,增效,8
干部,8,现代农业,8
对接,8,主动,8
农村土地,8,战略性,8
以下,8,抓,8
效益,8,粮食,8
进入,8,年度,8
水体,8,3%,8
人均,8,各项,8
惠民,8,坚强,8
十八,8,学习,8
进,7,社会主义,7
1000,7,当前,7
环境保护,7,情况,7
贫困地区,7,长江,7
成都,7,进出口,7
各族人民,7,及其,7
人大,7,免费,7
药品,7,学校,7
防控,7,落户,7
开工,7,功能区,7
统一,7,招商,7
航空,7,用,7
知识产权,7,动力,7
协同,7,突破,7
双,7,权力,7
所有制,7,强省,7
试验,7,把握,7
传统,7,市场主体,7
晋商,7,支出,7
行动计划,7,职业,7
率,7,利益,7
流通,7,适应,7
建筑,7,潜力,7
联网,7,3,7
责任制,7,补偿,7
信用,7,股权,7
债务,7,房地产,7
先进,7,相关,7
13,7,或,7
达到,7,胜利,7
部署,7,思想,7
安排,7,二,7
表示,7,所有,7
崛起,7,小康,7
自身,7,中介,7
办理,7,均衡,7
低保,7,职工,7
劳动力,7,毕业生,7
贷款,7,直接,7
条,7,提质,7
承包,7,经营性,7
成功,7,轨道交通,7
一降,7,三去,7
坚定,7,企稳,7
增加值,7,9,7
达,7,变化,7
类,7,指标,7
支配,7,一般,7
百分点,7,生,7
促,7,认真,7
系列,7,大会,7
人民政府,7,和平,6
严肃查处,6,领导人,6
共同,6,研究,6
建立健全,6,遏制,6
五大,6,存在,6
国防,6,防范,6
进程,6,经济带,6
实际,6,举措,6
15,6,成绩,6
形势,6,过去,6
干事,6,抓紧,6
底线,6,一定,6
发生,6,过剩,6
达标,6,学生,6
帮扶,6,生态环境,6
监测,6,支付,6
进展,6,违法,6
修复,6,排放,6
吸纳,6,美丽,6
地下,6,出去,6
繁荣,6,文化产业,6
卫生,6,平等,6
非公有制,6,中小,6
效应,6,高速公路,6
至,6,融入,6
流动,6,科研院所,6
系统性,6,产权,6
权,6,一码,6
一照,6,证照,6
比重,6,运营,6
办,6,混合,6
国资,6,科学,6
居民,6,大众,6
幸福,6,审计,6
咨询,6,壮大,6
科技成果,6,标准化,6
龙头企业,6,加工,6
大型,6,品质,6
500,6,三个,6
落地,6,组建,6
智能,6,应用,6
充分发挥,6,12,6
贫困,6,＋,6
电商,6,内,6
应急,6,降费,6
严格执行,6,GDP,6
为了,6,既,6
统计,6,召开,6
结合,6,稳中求进,6
四个,6,霾,6
雾,6,隐患,6
较大,6,政协委员,6
民主党派,6,信心,6
得到,6,全面推行,6
到位,6,建议,6
5,6,6,6
综合治理,6,养老金,6
易地,6,金融机构,6
银行,6,经营权,6
会展,6,云,6
材料,6,新区,6
8,6,率先,6
认真落实,6,从,6
态势,6,三年,6
未,6,均,6
人数,6,排放量,6
幅度,6,能耗,6
万元,6,居民消费,6
以内,6,防,6
调,6,党代会,6
第十一次,6,我,6
14,6,军队,5
实干,5,有关,5
有力,5,货币政策,5
大国,5,儿童,5
诚信,5,就医,5
西部,5,最,5
经济运行,5,成长,5
不少,5,重建,5
自觉,5,作风,5
镇,5,城市群,5
渝,5,约,5
广泛开展,5,10%,5
稳定增长,5,从严治党,5
常态,5,问责,5
社会治安,5,食品药品,5
消除,5,技改,5
负责,5,五是,5
四是,5,三是,5
二是,5,一是,5
实事,5,省政府,5
地震,5,非,5
指导,5,明确,5
自然资源,5,督察,5
预警,5,五个,5
编制,5,管廊,5
优秀,5,公平,5
渠道,5,小微,5
众创,5,微,5
检验,5,工匠,5
评价,5,机关,5
经费,5,重点项目,5
技术创新,5,营业执照,5
联合,5,自主权,5
省属,5,职能,5
方向,5,赋予,5
简政放权,5,一流,5
全域,5,投融资,5
便利化,5,弘扬,5
采购,5,上市,5
面向,5,深入开展,5
煤电,5,循环,5
能,5,既有,5
园区,5,化工,5
物,5,移动,5
做强,5,服务体系,5
信贷,5,试点工作,5
救助,5,效率,5
负担,5,面积,5
货币化,5,2000,5
有效性,5,注重,5
保,5,夯实,5
导向,5,万套,5
于,5,浓度,5
PM2.5,5,十九,5
基调,5,局面,5
区域性,5,感谢,5
关心,5,广大干部,5
成为,5,理念,5
集中,5,投入,5
三级,5,放管,5
煤矿,5,新进展,5
退休,5,新一轮,5
帮助,5,债转股,5
交易,5,低碳,5
公司,5,竞争力,5
按,5,作出,5
4%,5,前,5
已,5,区间,5
仍,5,晋中,5
吕梁,5,空气质量,5
失业率,5,消费品,5
固定资产,5,贯彻落实,5
总书记,5,六中全会,5
届,5,挑战,5
2016,5,提出,5
审议,5,必将,4
外商投资,4,内需,4
手段,4,应对,4
货币,4,稳健,4
财政赤字,4,复杂,4
深刻,4,深化改革,4
小康社会,4,具有,4
地位,4,激励机制,4
办事,4,公正,4
权益,4,自治,4
交流,4,三权,4
干,4,划分,4
农民工,4,2025,4
回稳,4,积极性,4
大规模,4,符合,4
还有,4,显现,4
改变,4,诚挚,4
同胞,4,人民团体,4
恢复,4,优抚,4
政府职能,4,省内,4
打,4,5000,4
万公里,4,农村公路,4
7,4,常住人口,4
四大,4,张,4
获批,4,商品,4
方案,4,17,4
总产值,4,严峻,4
平稳,4,确定,4
经费支出,4,八项,4
这,4,明显,4
激励,4,一号,4
普遍,4,常委会,4
廉洁,4,效能,4
守住,4,防止,4
失信,4,网上,4
大局,4,充实,4
工商,4,检查,4
对台,4,侨务,4
档案,4,健身,4
公共卫生,4,办学条件,4
机会,4,发放,4
工资,4,零,4
管理制度,4,红线,4
准入,4,因地制宜,4
处理,4,联动机制,4
重,4,燃煤,4
全面完成,4,垃圾,4
通信,4,城区,4
平安,4,人文,4
2,4,对外,4
社会科学,4,哲学,4
新闻出版,4,创意,4
动员,4,传承,4
民营企业,4,公平竞争,4
产权保护,4,中小企业,4
市场准入,4,放宽,4
认定,4,小,4
创新型,4,多层次,4
结算,4,签约,4
改进,4,窗口,4
国际贸易,4,正式,4
机场,4,铁,4
聚焦,4,对标,4
分配,4,链,4
合作社,4,林场,4
产权制度,4,事后,4
事中,4,全程,4
电子,4,多证,4
商事,4,债券,4
步伐,4,以及,4
国企,4,工资制,4
绩效,4,岗位,4
目的地,4,管理体制,4
景区,4,旅游业,4
餐饮,4,集群,4
延伸,4,格局,4
商务,4,快速,4
工具,4,多种形式,4
结构调整,4,优先,4
食品,4,价值链,4
电子商务,4,休闲,4
交易中心,4,产业化,4
大幅,4,多元化,4
集团,4,专业,4
创,4,只,4
50,4,煤,4
生物医药,4,信息化,4
打通,4,电信,4
时代,4,同步,4
社会保障,4,村,4
购买,4,网,4
港,4,处置,4
补贴,4,进城,4
释放,4,置换,4
分流,4,多渠道,4
获得,4,依然,4
体现,4,环境质量,4
迎接,4,五位一体,4
没有,4,无党派人士,4
工商联,4,这是,4
正在,4,全力,4
反腐败,4,党风廉政,4
认真贯彻,4,两学,4
法规,4,依法行政,4
大气,4,流域,4
狠抓,4,人居,4
退役军人,4,草,4
退耕还林,4,降,4
证券化,4,公路,4
论坛,4,举办,4
京津冀,4,五证,4
确权,4,征收,4
争取,4,城,4
计算,4,都市区,4
制约,4,压减,4
这些,4,16,4
结束,4,但,4
连续,4,运城,4
大同,4,设区,4
数量,4,减排,4
氮氧化物,4,二氧化硫,4
涨幅,4,6%,4
7%,4,零售总额,4
1.5,4,低于,4
4.5%,4,开拓,4
思路,4,重要讲话,4
其他,4,省政协,4
第十二届,4,日,4
香港,3,犯罪,3
机动车,3,一道,3
覆盖面,3,成就,3
凡,3,便利,3
资源配置,3,享受,3
出路,3,巨大,3
全球化,3,各国,3
周年,3,销售,3
发展中国家,3,外资,3
自贸,3,上海,3
新设,3,+,3
这一,3,缴费,3
人民币,3,多种,3
灵活,3,税负,3
财政政策,3,宏观调控,3
任何,3,能够,3
峰会,3,充分,3
迈出,3,李克强,3
总理,3,第五次,3
全国人民代表大会,3,登记证,3
水污染,3,2020,3
沿线,3,户籍制度,3
即,3,依靠,3
而,3,两个,3
放管服,3,透明,3
依法惩治,3,违规,3
特大事故,3,公务员,3
基础性,3,出现,3
危房改造,3,大气污染,3
24,3,医药,3
定向,3,突出重点,3
高水平,3,站,3
革命,3,小时,3
互联互通,3,广泛,3
盘活,3,规模经营,3
分置,3,三农,3
海外,3,务实,3
改革开放,3,创造条件,3
合法权益,3,同质,3
同标,3,同线,3
内外销,3,住,3
三四,3,施策,3
优出,3,优进,3
放心,3,倡导,3
拉动,3,前提,3
攻坚战,3,生产力,3
8%,3,定力,3
政怠政,3,庸政懒,3
差距,3,有所,3
缓解,3,比较,3
状况,3,低,3
海外侨胞,3,用于,3
地质,3,违法犯罪,3
信访工作,3,七进,3
行政监察,3,纠正,3
腐败问题,3,残奥会,3
年均,3,覆盖率,3
全川,3,对象,3
大事,3,十项,3
财力,3,住院费用,3
25,3,强力,3
东北,3,川南,3
竞相,3,新村,3
五项,3,城镇化率,3
海绵,3,多规,3
中外,3,95,3
财税,3,科技人员,3
经验,3,绵阳,3
质量奖,3,产品质量,3
回升,3,8000,3
贡献率,3,7.5%,3
一二三,3,稳中,3
开局,3,圆满完成,3
周围,3,紧密,3
不能,3,腐,3
四风,3,三公,3
过,3,长效机制,3
切实加强,3,履行,3
巩固,3,严肃,3
督,3,关键环节,3
容错,3,第三方,3
营商,3,指定,3
经得起,3,市场监管,3
应诉,3,智库,3
民主决策,3,事务,3
提案,3,联系,3
民主监督,3,政协,3
影响,3,追溯,3
减灾,3,社区,3
在线,3,军工,3
灾害,3,打击,3
非法,3,予以,3
长期,3,查处,3
市县,3,安全监管,3
修订,3,做到,3
600,3,妇女,3
对口,3,港澳,3
外事,3,参事,3
气象,3,两孩,3
中医药,3,县乡,3
医疗卫生,3,诊疗,3
加成,3,配套,3
异地,3,养老保险,3
司法,3,转换,3
人群,3,动态,3
托底,3,过程,3
标本兼治,3,顺应,3
污染源,3,垂直,3
河长制,3,划定,3
权利,3,总量,3
交通,3,实质性,3
供水,3,水网,3
严控,3,违规行为,3
联动,3,天气,3
冬季,3,下达,3
三大战役,3,社保,3
配置,3,各种,3
集聚,3,符合条件,3
挂钩,3,示范县,3
综合利用,3,宜居,3
垃圾处理,3,污水,3
老旧,3,县城,3
号线,3,畅通,3
推出,3,实践,3
影视,3,广播,3
内容,3,阅读,3
普惠,3,博物馆,3
融资难,3,包容,3
创新能力,3,辐射,3
万众,3,辉煌,3
回乡,3,储备,3
进口,3,跨境,3
单一,3,复制,3
保税区,3,临时,3
骨干,3,连通,3
路,3,城际,3
中部,3,梯度,3
全方位,3,开放型,3
企业家,3,第一,3
他们,3,事业单位,3
发达,3,更大,3
实验室,3,共建,3
高层次,3,高新技术,3
内生,3,先行,3
大胆,3,繁重,3
决定,3,供销,3
水价,3,水利工程,3
财产权,3,分离,3
惩戒,3,外,3
项目管理,3,国有资本,3
4,3,核准,3
原则,3,国际化,3
运行机制,3,跨越,3
宗教,3,搭建,3
需,3,障碍,3
成,3,互动,3
整顿,3,行,3
设备,3,引入,3
改制,3,金融业,3
四,3,农田,3
高标准,3,节水,3
30%,3,精深,3
玉米,3,扩,3
优做,3,六大,3
目录,3,产业布局,3
装配式,3,专业化,3
资质,3,建筑业,3
提档,3,提,3
品种,3,增,3
煤基,3,前沿,3
孵化,3,电子信息,3
吸引,3,数据中心,3
设计,3,一体,3
信息技术,3,新一代,3
贫困户,3,摘帽,3
光伏,3,这个,3
物流配送,3,担保,3
税费,3,减轻,3
不合理,3,稳妥,3
衔接,3,消化,3
居住,3,购房,3
落后,3,安置工作,3
兼并,3,法律法规,3
感,3,绿水青山,3
不要,3,不折不扣,3
补齐,3,放在,3
紧日子,3,因素,3
起来,3,指标体系,3
颗粒物,3,包括,3
节约,3,优异成绩,3
坚实,3,总体布局,3
新理念,3,理政,3
治国,3,不力,3
尤其,3,约束,3
财政收支,3,一系列,3
素质,3,不足,3
走出,3,大力支持,3
正确,3,来之不易,3
斗争,3,中国共产党,3
党内,3,新形势下,3
两,3,运行,3
服务平台,3,规章,3
提请,3,安全事故,3
老,3,400,3
林,3,汾河,3
立法,3,大病,3
特色产业,3,八大,3
优惠政策,3,受理,3
万名,3,行业龙头,3
入市,3,团队,3
成立,3,2%,3
空间布局,3,破解,3
主战场,3,贡献,3
减量,3,亿吨,3
21,3,总产量,3
临汾,3,阳泉,3
其中,3,氨氮,3
需氧量,3,化学,3
约束性,3,11,3
上半年,3,五中,3
四中,3,三中,3
希望,3,回顾,3
委员,3,请,3
请予,3,现在,3
山西省,3,一边,2
两岸,2,祖国,2
形式,2,分裂,2
反对,2,始终,2
民主,2,澳门,2
一国两制,2,国防科技,2
国家主权,2,强军,2
独特,2,中华民族,2
者,2,文件,2
听取,2,宪法,2
工作人员,2,共识,2
梦,2,各方,2
用药,2,元,2
奋斗,2,切实做好,2
构筑,2,燃油,2
监控,2,蓝天,2
应有,2,愿,2
谈判,2,多边贸易,2
赢,2,共,2
引向,2,科研人员,2
强国,2,海洋,2
决不能,2,少,2
三要,2,二要,2
相,2,侵害,2
人们,2,公民,2
劳动,2,允许,2
规则,2,财富,2
天然气,2,石油,2
秩序,2,高度,2
商业银行,2,每,2
总体方案,2,税收,2
税率,2,最后,2
切实落实,2,事业性,2
广大,2,上涨,2
房价,2,满足,2
并举,2,目前,2
中央财政,2,针对,2
持之以恒,2,拥有,2
新旧,2,关口,2
艰巨,2,主攻,2
传导,2,决不允许,2
要带头,2,一般性,2
赤字,2,基本面,2
创造力,2,道路,2
阶段,2,保护主义,2
总需求,2,微观,2
敢于,2,台湾同胞,2
澳门特别行政区,2,一切,2
建设性,2,任,2
海洋权益,2,生效,2
协定,2,－,2
外交,2,最大,2
再创,2,多万人次,2
重点高校,2,细,2
居住证,2,科技进步,2
2030,2,1300,2
一律,2,外资企业,2
通,2,耕地,2
许可,2,一金,2
五险,2,着眼,2
汇率,2,M2,2
广义,2,存量,2
不变,2,增值税,2
改增,2,营,2
相机,2,战胜,2
勇气,2,全球性,2
很,2,改建,2
每天,2,快,2
上升,2,新举措,2
最低,2,5%,2
依法治国,2,十分,2
党和国家,2,根本利益,2
叠加,2,面临,2
作,2,开幕,2
北京人民大会堂,2,改为,2
核发,2,税务,2
管控,2,环境监测,2
合作项目,2,扩权,2
农户,2,新动力,2
进社区,2,纠错,2
积极主动,2,政商,2
整肃,2,案件,2
大厅,2,舆论监督,2
文明执法,2,公共安全,2
暴力,2,制止,2
洪涝,2,双安,2
从严,2,宗教事务,2
进步,2,民族团结,2
留守,2,困境,2
关爱,2,慈善事业,2
诉求,2,良性,2
价值观,2,中华,2
竞技,2,一流大学,2
难,2,并行,2
80,2,办实事,2
不减,2,只增,2
六有,2,协作,2
幸福生活,2,创建活动,2
四到,2,兜底,2
标准线,2,新居,2
阿,2,至少,2
分红,2,两不愁,2
受益,2,人人,2
以电代,2,公园,2
森林,2,湿地,2
偷排,2,联控,2
联防,2,111,2
251,2,通关,2
创业板,2,齐全,2
会,2,定点,2
迈向,2,深层次,2
实效,2,省份,2
必由之路,2,设市,2
两强,2,两扩,2
强县,2,老区,2
结合部,2,50%,2
配套改革,2,城乡规划,2
300,2,住宅,2
棚改,2,集体经济,2
涉农,2,林区,2
推广应用,2,消费者,2
重点县,2,一件,2
事权,2,青年,2
返乡,2,1.8,2
一百,2,攻关,2
民用,2,高技术,2
30,2,授权,2
第二年,2,流向,2
利润,2,一培,2
一创,2,一提,2
用户,2,因城,2
地条钢,2,僵尸,2
总额,2,8.5%,2
康养,2,中西部,2
三百,2,欺诈,2
诈骗,2,假冒伪劣,2
制售,2,舒心,2
川货,2,热点,2
丰富,2,6500,2
强基,2,自贡,2
第三,2,多重,2
保证,2,大和省,2
目的,2,汇聚,2
公平正义,2,有利于,2
几个,2,分析,2
承载能力,2,充分考虑,2
专注,2,始终保持,2
加以解决,2,采取措施,2
不同,2,现象,2
交通拥堵,2,根本,2
尚未,2,贵,2
下行,2,看,2
承载,2,各界人士,2
灾后,2,得,2
地方志,2,青少年,2
文史,2,测绘,2
依法打击,2,宣传教育,2
不正之风,2,奥运会,2
里,2,纪念馆,2
达标率,2,水质,2
森林草原,2,绿化,2
地方病,2,传染病,2
价格上涨,2,65%,2
个人,2,免除,2
返贫,2,致贫,2
病,2,薄弱,2
贫困家庭,2,万个,2
每个,2,头等大事,2
西北,2,攀西,2
增长极,2,经济总量,2
成都平原,2,缩小,2
建,2,改,2
小镇,2,被,2
进一步提高,2,户籍,2
超额完成,2,危旧房,2
国别,2,德,2
省外,2,亿美元,2
友好合作,2,城等,2
知名企业,2,所,2
影响力,2,法,2
十国集团,2,万人次,2
列,2,开行,2
班列,2,中欧,2
航线,2,里程,2
大通道,2,74,2
结合实际,2,资产负债率,2
420,2,制订,2
领先,2,9.5%,2
85%,2,新开工,2
信息安全,2,省级重点,2
年初,2,经济指标,2
9.1%,2,业绩,2
开拓创新,2,团结,2
出来,2,艰难险阻,2
长征路,2,廉政,2
造假,2,扯皮,2
推诿,2,约法三章,2
国有资产,2,笼子,2
党的建设,2,党委,2
党组,2,下功夫,2
创造性,2,方针,2
给,2,重任,2
假,2,责,2
责问,2,追,2
进度,2,盯住,2
锐意进取,2,室,2
政府部门,2,一网通,2
一窗,2,申请,2
一张,2,事,2
纳入,2,四级,2
框架,2,法制,2
全过程,2,组成,2
行政复议,2,合法性,2
科学决策,2,承办,2
妇联,2,共青团,2
工会,2,积极支持,2
表达,2,党的领导,2
尽责,2,严厉打击,2
防灾,2,纠纷,2
拆迁,2,征地,2
社会工作,2,尾矿库,2
整改,2,督办,2
矿井,2,排查,2
倒查,2,严,2
容忍,2,黑名单,2
谁,2,一岗双责,2
压实,2,下乡,2
六是,2,老年人,2
产,2,建档立卡,2
预防,2,双拥,2
国防建设,2,民族宗教,2
人防,2,红十字会,2
慈善,2,老龄,2
妇女儿童,2,第二届,2
办医,2,制,2
分级,2,招生,2
民办教育,2,特殊教育,2
普通高中,2,两免,2
督导,2,抽查,2
中小学,2,在城镇,2
幼儿园,2,学前教育,2
参保,2,康复,2
医疗保险,2,生育,2
稳住,2,足额,2
按时,2,发布,2
居民收入,2,职业培训,2
33,2,援助,2
失业,2,奖补,2
源头,2,关切,2
许可证,2,监察,2
考核办法,2,环境治理,2
集约,2,东山,2
贯通,2,引黄,2
水资源,2,地下水,2
地表水,2,林田湖,2
山水,2,铁腕,2
资源化,2,废弃物,2
养殖,2,畜禽,2
污水处理,2,超低,2
供暖,2,散煤,2
治污,2,环境污染,2
水电,2,就近,2
开发利用,2,村落,2
重视,2,户,2
4000,2,地质灾害,2
改水,2,产城,2
自然,2,山,2
地铁,2,信息流,2
人流,2,年底,2
定位,2,净化,2
产业基地,2,媒体,2
公益,2,服务项目,2
文物,2,记忆,2
调查,2,挖掘,2
九,2,涉及,2
公有制,2,全力支持,2
拓宽,2,众,2
专项资金,2,自由,2
分享,2,审慎,2
150,2,创业者,2
小企业,2,闲置,2
巨人,2,八,2
总部,2,才,2
晋商晋,2,投产,2
厂房,2,增设,2
作业,2,专,2
公,2,走廊,2
长城,2,金三角,2
晋,2,港澳台地区,2
承接,2,引智,2
经济圈,2,积极参与,2
七,2,评聘,2
通道,2,双向,2
政企,2,卡,2
价值,2,知识,2
生物,2,招标,2
科研经费,2,十大,2
纲要,2,六,2
先试,2,主要矛盾,2
抓住,2,林权,2
置,2,分,2
减免,2,给予,2
注册,2,削减,2
竞争,2,用电,2
电,2,供电,2
直,2,电网,2
业务,2,股份制,2
挂牌,2,属地,2
备案,2,保留,2
负面,2,改革方案,2
遗留问题,2,剥离,2
法人,2,健体,2
瘦身,2,起步区,2
月底,2,权限,2
放,2,放尽,2
知名,2,大省,2
努力实现,2,服务设施,2
游,2,五台山,2
红色,2,线路,2
精品,2,六字,2
经营机制,2,理顺,2
跨,2,上线,2
家政,2,住宿,2
商贸,2,市场秩序,2
引深,2,本,2
展会,2,提速,2
快递,2,工程技术,2
咨询服务,2,债,2
充满希望,2,60,2
灌溉面积,2,农惠农,2
支农,2,旱作,2
高地,2,共同体,2
服务型,2,太行山,2
雁门关,2,平原,2
杂粮,2,调减,2
小麦,2,强大,2
真正,2,优,2
白酒,2,180,2
差异化,2,生产线,2
相互,2,技术改造,2
研究院,2,筹建,2
晋南,2,晋北,2
西山,2,发电,2
充电,2,吉利,2
二期,2,钢,2
优势产业,2,瞄准,2
风电,2,太重,2
孤岛,2,筹划,2
层层,2,小额,2
收益,2,技能,2
采取,2,重中之重,2
岸,2,人力资源,2
既补,2,用能,2
阶段性,2,增进,2
不良资产,2,周期,2
属性,2,推行,2
商品房,2,城中村,2
关闭,2,实实在在,2
老百姓,2,带,2
明天,2,各地,2
财政资金,2,留出,2
考虑,2,转平,2
由负,2,设置,2
根据,2,5.5%,2
美好,2,暨,2
全会,2,不高,2
不敢,2,加剧,2
维稳,2,仍然,2
错综复杂,2,独大,2
一煤,2,积累,2
多年,2,时期,2
清醒,2,衷心,2
敬意,2,崇高,2
朋友,2,们,2
武警官兵,2,人民解放军,2
驻晋,2,攻坚克难,2
同心同德,2,省人大,2
关怀,2,亲切,2
开启,2,摆脱,2
决心,2,认识,2
规律,2,省情,2
上下,2,标志,2
处于,2,正,2
条例,2,准则,2
13710,2,交易平台,2
两级,2,下放,2
服效,2,政协提案,2
草案,2,地方性,2
死亡,2,起数,2
旧车,2,车及,2
黄标,2,改薄,2
保障性,2,群体,2
1900,2,二十个,2
夺取,2,渡,2
物流业,2,千方百计,2
铝,2,华为,2
能源供应,2,联北拓,2
南承西,2,东融,2
新格局,2,工商户,2
个体,2,PPP,2
权能,2,股份,2
集体土地,2,委托,2
科研,2,碳纤维,2
T800,2,机遇,2
抢抓,2,谋划,2
载体,2,开辟,2
煤炭市场,2,累计,2
66,2,趋势,2
起,2,月份,2
第二,2,呈现,2
3.4%,2,标志性,2
低位,2,朔州,2
晋城,2,长治,2
天数,2,优良,2
V,2,劣,2
用水量,2,二氧化碳,2
4.2%,2,高于,2
预计,2,好于,2
奋力,2,前行,2
砥砺,2,两手硬,2
指引,2,不懈,1
复兴,1,伟大,1
富强,1,宏伟目标,1
一百年,1,努力完成,1
开拓进取,1,铸就,1
重在,1,使命,1
命运,1,人类,1
致力,1,热点问题,1
周边环境,1,互信,1
睦邻,1,互惠,1
朝着,1,权威性,1
多边,1,维护者,1
贡献者,1,建设者,1
正义,1,公道,1
政治经济,1,和平统一,1
民族大义,1,要共担,1
大陆,1,台湾,1
名义,1,任何人,1
绝不允许,1,台独,1
台海,1,两岸关系,1
领土完整,1,九二,1
大政方针,1,充满信心,1
大湾,1,粤港澳,1
内地,1,港独,1
施政,1,行政长官,1
变形,1,走样,1
动摇,1,基本法,1
依照,1,澳人治澳,1
港人治港,1,准确,1
叶茂,1,枝繁,1
深,1,树根,1
军民团结,1,军政,1
兼容,1,后备力量,1
国防教育,1,后勤,1
护航,1,远海,1
维和,1,反恐,1
周密,1,边防,1
海空,1,负责制,1
军委主席,1,绝对,1
备战,1,练兵,1
治军,1,建军,1
以党,1,正规化,1
革命化,1,重大突破,1
向心力,1,凝聚力,1
中华儿女,1,海内外,1
侨眷,1,归侨,1
信教,1,人士,1
宗教界,1,基本方针,1
安康,1,大家庭,1
和衷共济,1,和睦相处,1
少数民族,1,富民,1
兴边,1,庆祝,1
70,1,内蒙古自治区,1
民族区域,1,未来,1
赢得,1,同心协力,1
碰硬,1,动真,1
撑腰,1,鼓劲,1
严厉,1,铆紧,1
光说不练,1,纸上谈兵,1
简单,1,创造性地,1
埋头苦干,1,真抓实干,1
当头,1,干字,1
靠,1,巨大成就,1
勤勉,1,做事,1
干干净净,1,廉守,1
要持,1,群众利益,1
高压,1,惩治腐败,1
一以贯之,1,本色,1
意愿,1,人民政协,1
同级,1,批评,1
敬畏,1,尊崇,1
严格遵守,1,履职,1
高度一致,1,上同,1
在思想上,1,权威,1
生命财产,1,至上,1
人命关天,1,安全感,1
多发性,1,个人信息,1
侵犯,1,抢劫,1
盗窃,1,毒品,1
黑恶势力,1,恐怖活动,1
立体化,1,就地解决,1
老人,1,志愿,1
团组织,1,群,1
充满生机,1,向上,1
乐观,1,身心健康,1
体魄,1,快乐,1
运动,1,体育产业,1
群众体育,1,筹办,1
冬,1,冬奥会,1
中华文化,1,均等化,1
科学普及,1,文化遗产,1
物质,1,艺术创作,1
文学,1,自信,1
凝聚,1,精神文明,1
回报,1,得不到,1
付出,1,辛勤,1
拖欠,1,锲而不舍,1
奔头,1,温暖,1
心里,1,困难群众,1
县级,1,两项,1
孤寡老人,1,军烈属,1
民房,1,中倒损,1
洪涝灾害,1,自然灾害,1
扎牢,1,织密,1
饮食,1,治乱,1
重典,1,并重,1
产管,1,严而,1
管得,1,事关,1
医疗保健,1,医患,1
医务人员,1,调动,1
事件,1,慢性病,1
疾病,1,方便群众,1
联合体,1,保险制度,1
450,1,每人每年,1
梦想,1,孩子,1
人民满意,1,教师队伍,1
老年,1,高考,1
应用型,1,本科,1
学科建设,1,助学金,1
研究生,1,博士,1
办学,1,校际,1
教育资源,1,人生价值,1
创造财富,1,牢牢,1
一人,1,新高,1
795,1,形态,1
兜牢,1,竭力,1
办能,1,该,1
更要,1,形势严峻,1
肩上,1,扛,1
心头,1,时刻,1
之要,1,为政,1
石漠化,1,荒漠化,1
1200,1,第二批,1
气候变化,1,严守,1
双赢,1,普遍推行,1
详查,1,面源,1
海域,1,必定会,1
不懈努力,1,成在,1
贵在,1,人人有责,1
恶化,1,追究,1
纵容,1,姑息,1
五要,1,科学性,1
机理,1,解析,1
源,1,对重,1
四要,1,国六,1
黄标车,1,尾气,1
关停,1,到期,1
时限,1,秸秆,1
核电,1,弃光,1
弃风,1,弃水,1
上网,1,今明两年,1
东中部,1,电厂,1
锅炉,1,建成区,1
地级,1,以气代,1
取暖,1,北方地区,1
保卫战,1,答卷,1
合格,1,交出,1
内在,1,迫切愿望,1
捍卫,1,一直,1
承诺,1,贸易协定,1
商谈,1,亚太,1
伙伴关系,1,早日,1
议定书,1,东盟,1
主渠道,1,自由化,1
吸引力,1,最富,1
开越,1,会越,1
大门,1,成熟,1
全面推广,1,法定,1
一视同仁,1,对内,1
发债,1,采矿业,1
零部件,1,尽保,1
应保,1,成套设备,1
扩大出口,1,乐章,1
同奏,1,高峰论坛,1
高质量,1,优势互补,1
大通关,1,支点,1
海上,1,陆上,1
共商,1,田园风光,1
具,1,现代文明,1
保证率,1,饮水,1
光纤,1,行政村,1
通电,1,机井,1
可靠,1,公共设施,1
施展才华,1,培养,1
农村基层,1,供销社,1
农垦,1,收储,1
财产权利,1,助力,1
再保险,1,理赔,1
救灾,1,大灾,1
县市,1,选择,1
主产省,1,离不开,1
占补,1,中低产田,1
保护区,1,观光农业,1
主产区,1,改饲,1
粮,1,种植,1
水稻,1,市场需求,1
共进,1,互促,1
粮食安全,1,享誉,1
众多,1,精益求精,1
崇尚,1,操守,1
恪尽,1,厚植,1
匠心,1,存于,1
之魂,1,竞争机制,1
优胜劣汰,1,迸发,1
顶天立地,1,铺天盖地,1
其长,1,各展,1
现实,1,纵向,1
蓬勃生机,1,焕发,1
迈进,1,变革,1
营销,1,以新,1
受惠,1,费,1
长途电话,1,资费,1
专线接入,1,漫游费,1
国内长途,1,手机,1
年内,1,降费要,1
信息网络,1,安全性,1
速度,1,本着,1
利用效率,1,第五代,1
生物制药,1,集成电路,1
人工智能,1,大业,1
定,1,英才,1
天下,1,广聚,1
劳神,1,分心,1
琐事,1,杂事,1
不再,1,期权,1
原创性,1,提高质量,1
优化结构,1,当务之急,1
根基,1,从来,1
里子,1,面子,1
区段,1,易涝,1
地上,1,工程质量,1
规划设计,1,特大,1
具备条件,1,小城镇,1
中小城市,1,空域,1
退化,1,枯竭,1
板块,1,旧账,1
不理,1,官,1
约定,1,随意,1
讲,1,5076,1
预算内,1,通用,1
继续加强,1,水运,1
投向,1,烦心,1
花钱,1,广告,1
虚假,1,高品质,1
网购,1,实体店,1
在线教育,1,数字家庭,1
带薪休假,1,医养,1
跨界,1,持久,1
相适应,1,释放出来,1
发展潜力,1,薪酬,1
人事,1,划转,1
分配制度,1,有错必纠,1
对于,1,安心,1
创富,1,发明创造,1
禁入,1,守护,1
增值,1,保值,1
竞争性,1,民航,1
公司制,1,公司法人,1
制衡,1,底气,1
动用,1,拨备,1
充足率,1,防火墙,1
筑牢,1,点,1
金融监管,1,警惕,1
累积,1,影子,1
违约,1,可控,1
租赁业,1,经济渠道,1
保险资金,1,三板,1
主板,1,信用社,1
开发性,1,政策性,1
差别化,1,事业部,1
大中型,1,虚,1
脱实,1,重心,1
下沉,1,主业,1
金融体制,1,用出,1
明处,1,花,1
钱,1,一笔,1
沉淀,1,倒逼,1
预决算,1,举债,1
地方税,1,简洁,1
三档,1,简并,1
四档,1,简化,1
门,1,开,1
之策,1,施,1
苛之弊,1,除烦,1
感受,1,信息系统,1
选择权,1,裁量权,1
向前,1,披荆斩棘,1
壮士断腕,1,一场,1
决定性,1,中起,1
关键性,1,认可,1
自我,1,整体,1
因病,1,劳务输出,1
边疆,1,特困,1
连片,1,340,1
加力,1,轻装上阵,1
大义,1,顾,1
小利,1,舍,1
交易成本,1,制度性,1
适当,1,服务性,1
市场调节,1,货运,1
定价,1,尽可能,1
一半,1,35,1
停征,1,附加,1
公用事业,1,非税,1
不堪重负,1,许多,1
名目繁多,1,75%,1
扣除,1,加计,1
费用,1,科技型,1
上限,1,所得额,1
纳税,1,年应,1
优惠,1,所得税,1
减半,1,多措,1
降到,1,负债,1
企业财务,1,储蓄率,1
非金融,1,居中,1
告别,1,租房,1
简陋,1,几千万,1
过快,1,基本保障,1
购租,1,自住,1
拨付,1,新上,1
清算,1,破产,1
腾,1,万千瓦,1
缓建,1,停建,1
着重,1,正确处理,1
统筹兼顾,1,通观全局,1
福祉,1,硬道理,1
解难,1,咬定青山不放松,1
难以解决,1,一时,1
好事,1,迫切,1
期待,1,强烈,1
群众反映,1,基本国情,1
初级阶段,1,践行,1
高速,1,生产率,1
人才资源,1,人力,1
潜能,1,着,1
蕴藏,1,人才队伍,1
专业技能,1,不靠,1
相得益彰,1,相辅相成,1
后劲,1,发力点,1
找准,1,可能,1
必要,1,闯过,1
勇往直前,1,紧迫,1
非常,1,阵痛,1
伴随,1,成蝶,1
蛹,1,低效,1
无效,1,简政,1
硬骨头,1,啃,1
推进改革,1,勇于进取,1
下要,1,稳是,1
以下几点,1,疏通,1
利率,1,流动性,1
12%,1,余额,1
中性,1,正道,1
节用裕民,1,坚守,1
挤出,1,压缩,1
均衡性,1,加大力度,1
压,1,保有,1
财政预算,1,切身感受,1
3500,1,发行,1
8300,1,1.55,1
2.38,1,率拟,1
配合,1,预见性,1
相衔接,1,调整结构,1
客观,1,污染物,1
国际收支,1,1100,1
6.5%,1,奋力拼搏,1
万众一心,1,无穷,1
依靠人民,1,路线,1
党的基本,1,有党,1
坚信,1,比较完善,1
庞大,1,充裕,1
雄厚,1,物质基础,1
不可动摇,1,低估,1
不容,1,过坎,1
爬坡,1,处在,1
明显增加,1,变数,1
外溢,1,走向,1
经济体,1,抬头,1
倾向,1,思潮,1
逆,1,延续,1
低迷,1,充分准备,1
要实,1,要活,1
要准,1,产业政策,1
宏观政策,1,发展观,1
三个代表,1,邓小平理论,1
伟大旗帜,1,高举,1
重大意义,1,全国代表大会,1
第十九次,1,重托,1
不负,1,历史使命,1
不辱,1,全力以赴,1
直面,1,时有发生,1
懒政怠政,1,少数,1
有些,1,痛心,1
令人,1,满意,1
频发,1,不容忽视,1
分化,1,走势,1
看到,1,香港特别行政区,1
团结奋斗,1,全党全军,1
彰显,1,坚强意志,1
继续前进,1,初心,1
不忘,1,宣示,1
长征,1,中国工农红军,1
纪念,1,隆重,1
隆重庆祝,1,主权,1
领土,1,丰硕,1
巴黎,1,密切,1
联合国,1,周边国家,1
首次,1,湄公河,1
澜沧江,1,东亚,1
首脑会议,1,亚欧,1
高级别,1,联大,1
核,1,会晤,1
金砖,1,非正式,1
亚太经合组织,1,出席,1
国,1,出访,1
主席,1,卓有成效,1
压倒性,1,腐败分子,1
惩处,1,事故,1
第三次,1,公布,1
民意,1,议案,1
全国人大常委会,1,八是,1
损失,1,限度,1
900,1,紧急,1
抢险救灾,1,长江流域,1
佳绩,1,体育健儿,1
符合规定,1,8400,1
资助,1,学杂费,1
21.3%,1,招收,1
财政性,1,护理,1
重度,1,多万,1
1700,1,资金投入,1
七是,1,1.7,1
5.6%,1,1600,1
东部,1,明显增强,1
56.2%,1,交易额,1
万件,1,拥有量,1
发明专利,1,2.08%,1
北京,1,首位,1
位居,1,多亿美元,1
变更,1,除少数,1
深港,1,篮子,1
提款权,1,国际货币基金组织,1
增添,1,休耕,1
轮作,1,审评,1
医疗器械,1,放开,1
资源税,1,职业资格,1
220,1,192,1
165,1,三分之一,1
本届,1,提前完成,1
经济体制,1,支柱性,1
长远,1,又利,1
急需,1,下调,1
2.9,1,煤炭行业,1
有所改善,1,13%,1
11.3%,1,利息,1
过渡,1,减不增,1
多亿元,1,5700,1
而是,1,强刺激,1
式,1,漫灌,1
大水,1,搞,1
抉择,1,多难,1
发展前景,1,韧性,1
表明,1,再次,1
难得,1,更为,1
诸多,1,容易,1
这种,1,增多,1
期,1,外部环境,1
多发,1,突发,1
波动,1,金融市场,1
年来,1,寻常,1
走过,1,回顾过去,1
印记,1,留下,1
开创性,1,杭州,1
主办,1,亿人次,1
1.2,1,出境,1
快速增长,1,多万户,1
380,1,240,1
1240,1,6.3%,1
多万公里,1,550,1
光缆,1,亿,1
3.4,1,第四代,1
29,1,多公里,1
6700,1,高速铁路,1
新天地,1,撑起,1
4.5,1,加上,1
平均,1,24.5%,1
兴起,1,蓬勃,1
重大成果,1,科技领域,1
丰收,1,获,1
调优,1,51.6%,1
加快调整,1,初见成效,1
突破性,1,不易,1
亿多,1,4.02%,1
年末,1,再创新高,1
1314,1,超出,1
明显提高,1,转为,1
2.3%,1,上年,1
前茅,1,名列,1
6.7%,1,74.4,1
趋稳,1,缓中,1
纵深,1,看齐,1
大局意识,1,意义,1
深远,1,长治久安,1
兴旺发达,1,党和人民,1
迎难而上,1,交汇,1
诸多矛盾,1,全国政协,1
摄,1,庞兴雷,1
记者,1,新华社,1
中央人民政府,1,﻿,1
代码,1,加载,1
质监,1,社会保险,1
证,1,代码证,1
26,1,食品安全,1
省有库,1,卷,1
市有,1,档,1
簿,1,乡,1
村有册,1,户有,1
采集,1,23,1
22,1,风气,1
习惯,1,养成,1
好日子,1,房子,1
不愁穿,1,不愁吃,1
土壤,1,19,1
饮用水,1,建设工程,1
18,1,经贸合作,1
精选,1,跟踪,1
优选,1,锁定,1
强镇,1,集体所有,1
攻关项目,1,关键技术,1
水准,1,同样,1
相同,1,同一,1
内销,1,外向型,1
队伍,1,寺庙,1
法制宣传,1,农村居民,1
/,1,城镇居民,1
计算公式,1,衡量,1
农村金融,1,蓝图,1
一本,1,土地利用,1
执法检查,1,选派,1
抽取,1,3.9,1
指去,1,具体,1
国外,1,拓开,1
国门,1,万企出,1
购物,1,说明,1
名词解释,1,进取,1
拼搏,1,紧紧,1
紧密团结,1,光荣,1
任务艰巨,1,起点,1
站上,1,良好环境,1
成事,1,敢,1
想,1,正向,1
依规,1,清,1
亲,1,三实,1
三严,1,腐败,1
违法违纪,1,严厉查处,1
扎紧,1,环节,1
各项规定,1,治政,1
廉政建设,1,不断加强,1
统计数据,1,技术壁垒,1
重复,1,落到实处,1
各项政策,1,执行力,1
绩效评价,1,问责制,1
落实工作,1,工作效率,1
便捷,1,手续,1
证明,1,合法,1
回应,1,解读,1
表率,1,守法,1
尊法,1,时间,1
领会,1,恐怖事件,1
严防,1,集资,1
工作力度,1,治违,1
打非,1,特殊人群,1
公信,1,治省,1
精细化,1,科学化,1
调节,1,一方平安,1
一方,1,风险意识,1
重要职责,1,第十,1
文艺创作,1,·,1
书香,1,足球,1
健身运动,1,氛围,1
尊医,1,重教,1
医风,1,医德,1
风,1,师德师,1
计划生育,1,方便,1
服务水平,1,教学质量,1
学科,1,入学,1
入托,1,适龄,1
职级,1,职务,1
省级机关,1,征缴,1
妥善安置,1,就业指导,1
脱困,1,解困,1
困难职工,1,低收入,1
物价上涨,1,密切相关,1
为本,1,为政之道,1
第九,1,严肃处理,1
形式主义,1,万村,1
万企帮,1,扶贫开发,1
东西部,1,国家机关,1
双手,1,勤劳,1
四好,1,巡查,1
扶助,1,两线,1
巴山,1,乌蒙,1
藏区,1,新寨,1
彝家,1,水利,1
飞地,1,甘眉,1
成甘,1,合作经营,1
入股,1,105,1
3700,1,第八,1
出行,1,离任,1
双控,1,强度,1
消耗,1,碳,1
节约能源,1,以电代油,1
碳循环,1,大熊猫,1
多样性,1,增绿,1
身边,1,绿,1
皆,1,有山,1
河谷,1,干旱,1
长江上游,1,造林,1
廊道,1,屏障,1
水土保持,1,治沙,1
防沙,1,加重,1
蔓延,1,违法行为,1
严惩,1,无害化,1
覆盖范围,1,黑臭,1
主城区,1,成都市,1
断面,1,个国控,1
87,1,河流,1
未达标,1,超排,1
漏排,1,控秸,1
治车,1,抑尘,1
压煤,1,持久战,1
不得,1,起慢,1
生态建设,1,第七,1
维权,1,联络,1
保税,1,营运,1
聚集,1,临港,1
青白江,1,川藏,1
造成,1,债权,1
人寿,1,国宝,1
控股集团,1,门类,1
齐备,1,包,1
后台,1,金融交易,1
商务区,1,博览会,1
首届,1,金融中心,1
9700,1,粤,1
川浙,1,专题,1
州长,1,中美省,1
第四届,1,海科,1
展,1,跨国公司,1
分层,1,抓住机遇,1
内陆,1,扩大开放,1
第六,1,撤县,1
宜业,1,农牧业,1
阳光,1,稀土,1
钛,1,钒,1
陕甘,1,川陕,1
黔,1,滇,1
新城,1,空港,1
34%,1,125,1
市民化,1,古镇,1
文,1,更新改造,1
电梯,1,内部,1
路网,1,第五,1
职业技能,1,有钱赚,1
有活,1,联结,1
村社,1,房屋,1
新机制,1,经理人,1
股份合作制,1,同确,1
多权,1,宅基地,1
突破口,1,放活,1
各项改革,1,基本建设,1
农田水利,1,机械化,1
社会化,1,餐桌,1
摆,1,川猪,1
川药,1,川果,1
川茶,1,川菜,1
农场,1,大户,1
种养,1,农林牧渔,1
粮油,1,农林牧业,1
必然选择,1,毫不放松,1
第四,1,一步,1
落地生根,1,盐业,1
征管,1,地税,1
国税,1,迈入,1
草根,1,大学生,1
川商,1,周,1
筹融资,1,校地企,1
核心技术,1,356,1
医学,1,新创建,1
共性,1,数据服务,1
数据库,1,科学城,1
权属,1,院所,1
拳头产品,1,转,1
90,1,核动力,1
航天,1,商业化,1
导航,1,北斗,1
卫星,1,商业,1
两用,1,成德绵,1
参军,1,民,1
军转民,1,以来,1
银,1,凡是,1
梯队,1,提振,1
以管,1,营业,1
劳动生产率,1,千家万户,1
字号,1,争创,1
互转,1,互融,1
主导产业,1,路企,1
铁路运输,1,富余,1
消纳,1,供气,1
直购,1,投贷,1
炒作,1,投机,1
自,1,因地,1
妥善处置,1,落实政策,1
灯展,1,实绩,1
管理水平,1,博会,1
旅,1,世界旅游组织,1
扩容,1,入境游,1
娱乐,1,音乐,1
507,1,生产性,1
检测,1,先导,1
优先发展,1,桩,1
停车场,1,出川,1
台阶,1,万亿,1
迈上,1,9000,1
航空航天,1,饮料,1
烯,1,石墨,1
成长型,1,达效,1
达产,1,神龙,1
56,1,攀枝花,1
新市,1,宜宾,1
经,1,客运专线,1
西安,1,水库,1
岩,1,李家,1
代线,1,8.6,1
700,1,至关重要,1
实惠,1,广大群众,1
惠及,1,新家园,1
态度,1,这片,1
脚下,1,尊重,1
保护环境,1,强磁场,1
资金流,1,活,1
全盘,1,棋局,1
落,1,一子,1
基点,1,敢为人先,1
川人,1,发扬,1
决胜,1,量,1
促发展,1,用力,1
欠发达,1,底子薄,1
正视,1,9%,1
九次,1,八次,1
十届,1,紧紧围绕,1
高度重视,1,对此,1
程度,1,期望,1
办事效率,1,比较突出,1
不容乐观,1,增大,1
借贷,1,很快,1
难以,1,不够,1
区域间,1,从长远看,1
清醒认识,1,谢意,1
国际友人,1,港澳台,1
预备役,1,民兵,1
干警,1,政法,1
指战员,1,驻川,1
共同努力,1,辛勤工作,1
加强监督,1,这样,1
新路子,1,一条,1
灾区,1,芦山,1
荣,1,康定,1
多万元,1,7500,1
拍卖,1,车辆,1
公车,1,省直机关,1
17%,1,财政拨款,1
保密,1,防空,1
14.2%,1,14.7%,1
防汛,1,调解,1
审计工作,1,不当,1
努力提高,1,运动员,1
川籍,1,脱钩,1
主管部门,1,足协,1
3843,1,接待,1
2500,1,国家验收,1
72.4%,1,打响,1
40.6%,1,座,1
120,1,改桥,1
渡口,1,6000,1
护栏,1,路侧,1
包虫病,1,治疗,1
1.9%,1,9.3%,1
8.1%,1,104,1
比达,1,趋紧,1
107.8,1,2437,1
比例控制,1,种,1
手术,1,复明,1
白内障,1,因,1
取得成效,1,公办,1
75,1,传递,1
代际,1,阻断,1
84.2,1,5180,1
专合,1,6.8,1
逐户,1,助农,1
40.6,1,农房,1
农技员,1,驻村,1
名,1,名县,1
之战,1,之力,1
举,1,112,1
百亿,1,州,1
千亿,1,稳步发展,1
成型,1,骨架,1
多极,1,多点,1
2.3,1,首批,1
评为,1,6729,1
27,1,193,1
203,1,省域,1
协调性,1,浙粤,1
韩,1,54.5%,1
额,1,签合同,1
9614,1,85.5,1
利用外资,1,316,1
友城,1,IC,1
清华紫光,1,行等,1
科博会,1,西博会,1
院校,1,央企,1
高层论坛,1,第五届,1
行长,1,央行,1
财长,1,自由贸易,1
精心,1,出入境,1
460,1,6519,1
通车,1,503,1
成安渝,1,高铁,1
成贵,1,进出,1
后证,1,先照,1
60%,1,行政许可,1
控股,1,二重,1
三项,1,多项,1
总结,1,德阳,1
驰名商标,1,地理,1
提名奖,1,企获,1
家川,1,820,1
0.8,1,3.7,1
缩短,1,同比,1
8.7,1,2303,1
平均水平,1,470,1
调研,1,轮稳,1
牵头,1,11%,1
24%,1,总收入,1
第二产业,1,1.6,1
6900,1,建材,1
13.1%,1,10.9%,1
7.9%,1,1.2%,1
3483.5,1,生产能力,1
343.3,1,网销,1
29.8%,1,零售额,1
限额,1,销售额,1
造,1,参加,1
万家,1,近,1
1.3,1,建成投产,1
骏马,1,英特尔,1
中电科,1,汶马,1
雅康,1,631,1
较为,1,回落,1
8.3%,1,11.7%,1
12.1%,1,3.8%,1
7.7%,1,3.2,1
四次会议,1,十二届,1
努力奋斗,1,齐心协力,1
出色,1,实际行动,1
狠抓落实,1,只争朝夕,1
忠诚,1,彼岸,1
光辉,1,直到,1
下去,1,多少,1
这条,1,无论,1
一代人,1,不想,1
廉政文化,1,吃拿卡要,1
变异,1,隐形,1
长效,1,关进,1
前面,1,挺,1
规矩,1,纪律,1
办公室,1,深和细,1
严和实,1,常和长,1
实效性,1,全会精神,1
七次,1,中央纪委,1
担当起来,1,义无反顾,1
慢,1,制度化,1
可追溯,1,清晰明确,1
褒奖,1,迅速,1
敢作敢为,1,作风正派,1
那些,1,旗帜鲜明,1
失误,1,宽容,1
开来,1,区分,1
处,1,举报,1
投诉,1,抓实,1
抓小,1,抓细,1
根见果,1,见,1
见人见,1,工程项目,1
并联,1,年检,1
最好,1,最高,1
最活,1,最顺,1
最优,1,流程,1
最少,1,努力做到,1
每一项,1,轨道,1
法制建设,1,法律援助,1
普法,1,七五,1
记录,1,六个,1
城乡建设,1,计生,1
许可权,1,相对,1
内审,1,专门,1
首先,1,律师,1
公职,1,法律顾问,1
追究制,1,终身,1
思维,1,公仆,1
永远,1,牢记,1
公务人员,1,全体,1
群众路线,1,评议,1
问政,1,借助,1
信箱,1,首长,1
沟通,1,征集,1
专门机构,1,于民,1
问计,1,有着落,1
来访,1,来信,1
群众团体,1,群众监督,1
决议,1,认真执行,1
监督权,1,参与权,1
知情权,1,执行,1
天职,1,全心全意,1
衣食父母,1,惯例,1
通行,1,对表,1
履行职责,1,忠实,1
宗旨,1,干扰,1
绝不,1,三条,1
治本,1,心肠,1
治患,1,手腕,1
以铁,1,安全观,1
更为重要,1,显得,1
关键时期,1,今天,1
逃废,1,恶意,1
调处,1,信访,1
网格化,1,安装,1
防护,1,化工企业,1
现场,1,一线,1
三违,1,反,1
强制,1,取缔,1
无望,1,限期,1
事故隐患,1,停产,1
停工,1,大排查,1
场所,1,密集,1
建筑施工,1,管道,1
油气,1,化学品,1
危险,1,道路交通,1
物防,1,技防,1
安全隐患,1,严查,1
一票否决,1,风景区,1
工业园区,1,街道,1
乡镇,1,执法人员,1
治安,1,救援,1
责任人,1,监管部门,1
逐一,1,名录,1
依据,1,主管,1
追责,1,失职,1
主责,1,同责,1
党政,1,万场,1
戏,1,免费送,1
照料,1,日间,1
诊断,1,筛查,1
怀孕,1,两癌,1
农村妇女,1,36,1
抢救性,1,残疾儿童,1
干预,1,残疾,1
3.5,1,六件,1
奋斗目标,1,向往,1
美好生活,1,援疆,1
科普,1,筹备工作,1
青运会,1,医疗机构,1
公立,1,同等待遇,1
配送,1,两票,1
流通领域,1,家庭医生,1
首诊,1,医院,1
医,1,政府办,1
考试制度,1,教育领域,1
学院,1,艺术,1
筹,1,中医药大学,1
高等教育,1,1331,1
拨款,1,中职,1
产教,1,携带,1
随,1,教育经费,1
再有,1,确认,1
旱,1,厕所,1
住宅小区,1,民办,1
普惠性,1,第三期,1
服务质量,1,合并,1
晋中市,1,并轨,1
入轨,1,鼓起来,1
钱袋子,1,转移性,1
红利,1,财产性,1
赋权,1,增长势头,1
最低工资,1,适时,1
劳动者,1,4050,1
清零,1,见习,1
一扶,1,三支,1
劳动密集型,1,十二,1
家园,1,地净,1
天蓝,1,山清水秀,1
彻底,1,最终,1
坚持不懈,1,失之难存,1
不觉,1,替代品,1
银山,1,金山,1
排污,1,一证式,1
固定,1,国土,1
固废,1,矿产,1
复垦,1,废弃地,1
工矿,1,门槛,1
产出率,1,能效,1
525,1,水土流失,1
桑干河,1,试运行,1
小浪底,1,投运,1
辛安泉,1,隧洞,1
配套工程,1,万家寨,1
大小,1,开采,1
空中,1,林业,1
依法严惩,1,省城,1
提标,1,响应,1
散烧,1,原煤,1
彻底解决,1,太原市,1
发电机组,1,集中供热,1
降尘,1,管车,1
控煤,1,十一,1
路气,1,涵养,1
分布,1,市域,1
合理安排,1,108,1
古村落,1,4.6,1
6.6,1,沉陷,1
采煤,1,改厕,1
改气,1,试点县,1
41,1,热,1
水气,1,交通网络,1
工业区,1,一区,1
一市,1,行政区域,1
行政区划,1,城镇群,1
晋东南,1,美誉度,1
知名度,1,省会,1
联创,1,五城,1
做名,1,做特,1
辉映,1,交融,1
古今,1,河湖,1
湖,1,片区,1
晋阳湖,1,着手,1
前期工作,1,五规,1
十,1,发扬光大,1
薪火相传,1,三晋,1
文化交流,1,力作,1
气派,1,富有,1
主题,1,扎根,1
深入生活,1,大力开展,1
晋军,1,文学艺术,1
交易会,1,博览,1
第三届,1,资产重组,1
首轮,1,广播电视,1
业绩考核,1,双效,1
广电,1,出版,1
游戏,1,动漫,1
传统媒体,1,各层次,1
微等,1,普查,1
村风,1,乡风,1
移风易俗,1,模范,1
道德,1,好人,1
选树,1,公民道德,1
右玉,1,太行,1
书香社会,1,放映,1
电影,1,三下乡,1
贴近,1,服务中心,1
综合性,1,书屋,1
农家,1,阅览室,1
图书馆,1,五级,1
育人,1,资政,1
编鉴,1,修志,1
鲜活,1,筹备,1
密集区,1,文物保护,1
守望,1,实验区,1
宝藏,1,实力,1
软,1,漫山遍野,1
成林,1,百木,1
参天,1,巨木,1
通讯,1,受到,1
同等,1,市场竞争,1
一样,1,歧视性,1
废除,1,行为规范,1
享有,1,助保贷,1
众筹,1,扶,1
众包,1,创业投资,1
第一笔,1,初创期,1
倾斜,1,向小微,1
财政金融,1,多元,1
成功率,1,洽谈,1
创业项目,1,创客,1
大赛,1,拎包,1
楼宇,1,旧,1
股,1,规改股,1
小升规,1,转企,1
梯次,1,高成长性,1
关联,1,共铸,1
携手,1,有志之士,1
八方,1,欢迎,1
兴业,1,骄子,1
呼唤,1,茁壮成长,1
期盼,1,回流,1
营销中心,1,权重,1
到位率,1,开工率,1
桥梁,1,商会,1
办事处,1,驻外,1
跟踪服务,1,熟地,1
以商,1,先进设备,1
检疫,1,海关监管,1
试点经验,1,直联点,1
码头,1,重件,1
天津,1,武宿,1
无水,1,一站式,1
临空,1,出省口,1
断头,1,省际,1
大寨,1,北,1
原大客,1,焦客,1
太,1,客专,1
大张,1,机,1
交通运输,1,外联,1
内通,1,俄,1
中蒙,1,区域合作,1
晋冀,1,蒙,1
黄河,1,陕豫,1
沿黄,1,中原,1
千企百展,1,滚动,1
珠三角,1,长三角,1
招才,1,环渤海,1
智力,1,供应链,1
聚合,1,后顾之忧,1
就读,1,子女,1
配偶,1,高技能,1
高级,1,本土,1
限制性,1,非专业,1
职称,1,附着,1
逆向,1,横向,1
顺向,1,事企,1
合理流动,1,全新,1
用人,1,进人,1
进人卡,1,控编,1
协议,1,年薪制,1
调剂,1,转制,1
科技体制,1,技术装备,1
套,1,首台,1
科学仪器,1,基于,1
领军,1,倍增,1
百项,1,资源共享,1
整体性,1,尽快,1
争先,1,补课,1
极其,1,一招,1
成败,1,小型,1
水务,1,抵押,1
颁证,1,所有权,1
互用,1,互认,1
交换,1,公示,1
企业信用,1,绿色通道,1
从事,1,其,1
注销,1,简易,1
电子化,1,积极探索,1
前置,1,工商登记,1
装机,1,自备,1
局域,1,区为,1
配电,1,增量,1
价,1,输配电,1
入晋,1,保险机构,1
再融资,1,创债,1
存贷,1,后验,1
先建,1,试行,1
验收,1,联审,1
多图,1,多审,1
多评,1,特殊,1
除,1,前置条件,1
环评,1,重特大,1
预审,1,选址,1
向管,1,妥善解决,1
经营管理者,1,选聘,1
界定,1,培元,1
固本,1,取向,1
承诺制,1,应,1
聘任制,1,全员,1
任期制,1,领导班子,1
调规,1,扩区,1
修编,1,节庆,1
休闲游,1,古城,1
平遥,1,云冈石窟,1
运作,1,经典,1
民俗,1,古建,1
觅祖,1,寻根,1
合作者,1,包装,1
要诀,1,愉,1
特,1,诚,1
顺,1,安,1
支柱产业,1,品牌化,1
连锁化,1,业,1
连锁,1,面食,1
晋菜,1,经营方式,1
个性化,1,多样化,1
消费结构,1,穿戴,1
智能家居,1,度假,1
融,1,办会,1
会展中心,1,会展业,1
立体式,1,物流园,1
中鼎,1,太铁,1
冷链,1,联运,1
多式,1,日用品,1
工业品,1,大宗,1
矿产品,1,代理,1
专利,1,会计,1
票据,1,中期,1
公司债,1,企业债,1
永续,1,可转债,1
私募,1,创投,1
种子,1,天使,1
人寿保险,1,农信社,1
强金控,1,金融体系,1
200,1,投入使用,1
农谷,1,认证,1
一标,1,三品,1
高附加值,1,保健食品,1
产品开发,1,同源,1
药食,1,共赢,1
互利,1,结成,1
经济合作组织,1,加工型,1
种业,1,中药材,1
交易市场,1,产地,1
草畜,1,养畜,1
种草,1,定种,1
以养,1,交错带,1
农牧,1,城郊,1
吕梁山,1,盆地,1
上党,1,药材,1
畜牧,1,果菜,1
做优,1,精,1
籽粒,1,饲,1
优经,1,稳粮,1
农民收入,1,版图,1
屹立,1,稳固,1
大厦,1,这座,1
多业,1,逐年,1
一段时间,1,更长,1
甚至,1,十年,1
五年,1,经过,1
细化,1,施工,1
构配件,1,加工能力,1
预制,1,构件,1
市政,1,混凝土,1
钢结构,1,省内外,1
工艺品,1,玻璃器皿,1
陶瓷,1,纺织,1
乳制品,1,食醋,1
煤制油,1,潞安,1
高端化,1,轮毂,1
镁业,1,银光,1
深加工,1,铝合金,1
中铝,1,煤焦,1
焦化,1,材,1
联营,1,原材料,1
嫁接,1,新工艺,1
能源安全,1,送,1
晋气外,1,输,1
晋电外,1,外运,1
晋煤,1,特药,1
中成药,1,原料药,1
好汉,1,生物质能,1
沃特玛,1,客车,1
宇航,1,比亚迪,1
半导体,1,碳化硅,1
电科二所,1,轮轴,1
350,1,太钢,1
非金属,1,无机,1
金属材料,1,占领,1
依托,1,组件,1
电池,1,晋能,1
机器人,1,光机电,1
富士康,1,积极争取,1
智造,1,系统集成,1
纺机,1,重型机械,1
工业化,1,广泛应用,1
上下游,1,计算机,1
可信,1,强云,1
灾备,1,部委,1
浪潮,1,百度,1
联通,1,发展局,1
顶层,1,三维,1
充沛,1,适中,1
区位,1,冷凉,1
气候,1,5G,1
紧跟,1,落下,1
决不,1,路上,1
奔小康,1,交账,1
如期,1,成色,1
做足,1,军令状,1
立下,1,2270,1
到户,1,定岗,1
订单,1,经济林,1
干果,1,薄弱环节,1
补,1,补软,1
硬,1,挖潜,1
眼睛,1,人工成本,1
缴存,1,公积金,1
社保费,1,低成本,1
融取,1,周转,1
措降,1,账款,1
应收,1,清产核资,1
煤炭企业,1,产成品,1
产销,1,搞好,1
待售,1,还原,1
租赁,1,供应,1
买,1,先租后,1
县为,1,170,1
供需,1,减人增效,1
单产,1,相结合,1
幸福感,1,金白银,1
真,1,努力创造,1
水分,1,掺假,1
破坏,1,污染环境,1
带血,1,子孙后代,1
力促,1,指挥棒,1
风向标,1,标尺,1
惯性,1,追求,1
过分,1,四两拨千斤,1
财政支出,1,积极进取,1
5.2,1,零增长,1
尽管,1,够得着,1
才能,1,跳,1
旨在,1,设定,1
下达任务,1,Ⅲ,1
市细,1,3.9%,1
3.2%,1,45,1
口径,1,奠定,1
形象,1,塑造,1
有机,1,二次,1
十一届,1,起步,1
他途,1,无,1
别,1,舍此,1
唯有,1,等等,1
行政效率,1,不会,1
不愿,1,不优,1
焦点,1,关注,1
日益,1,粗放,1
十分艰巨,1,欠账,1
难度,1,偏高,1
负债率,1,跳跃式,1
很难,1,短期,1
强有力,1,缺乏,1
相互交织,1,带来,1
由此,1,从根本上,1
远,1,体制性,1
独,1,一股,1
虽然,1,公安民警,1
此,1,统揽全局,1
弥足珍贵,1,收获,1
转机,1,征程,1
已经,1,最强音,1
主旋律,1,战略重点,1
依赖,1,过度,1
资源型,1,特点,1
新的一页,1,翻开,1
以省,1,拐点,1
若干,1,关于,1
公共资源,1,人大常委会,1
向省,1,32.9%,1
死亡率,1,百万吨,1
2.14%,1,2.46%,1
万辆,1,17.2,1
公益林,1,永久性,1
安居工程,1,3.16,1
转岗,1,57,1
提前,1,首胜,1
首战,1,难关,1
路演,1,京城,1
煤企,1,价款,1
缓缴,1,运费,1
降本增效,1,44,1
大起底,1,入企,1
助推,1,民企,1
阿里巴巴,1,达成,1
科技人才,1,两证,1
矿业权,1,煤层气,1
国土资源部,1,国企改革,1
焦煤,1,同煤,1
引擎,1,浙江大学,1
中科院,1,储能,1
锂电池,1,级,1
兆瓦,1,重构,1
经济布局,1,排头兵,1
科技园区,1,国土面积,1
瓶颈,1,倾力,1
供求关系,1,关键作用,1
扭亏为盈,1,止跌回升,1
40%,1,1.43,1
产量,1,减量化,1
82,1,2325,1
净亏损,1,负增长,1
状态,1,倒挂,1
长达,1,购进,1
扭转,1,54,1
出厂价格,1,生产者,1
丰收年,1,夺得,1
亿公斤,1,131.85,1
逐季,1,三季度,1
一季度,1,显著,1
趋势性,1,转折性,1
徘徊,1,综观,1
八市,1,三市,1
忻州,1,粉尘,1
烟尘,1,1.1%,1
3.52%,1,46.46,1
5.2%,1,1%,1
下半年,1,孕育,1
充满,1,列席,1
楼阳生,1,省长,1
第七次,1,人民代表大会,1
